{
    "total_rows": 81,
    "offset": 0,
    "rows": [
        {
            "id": "gr100",
            "key": null,
            "value": {
                "_id": "gr100",
                "_rev": "3-89887f4ab07f377c829c4e53ad03a586",
                "type": "group",
                "title": "Video Navigation and Editing",
                "tags": [],
                "communities": [],
                "personas": [],
                "content": [
                    "pn299",
                    "pn1042",
                    "pn1226",
                    "pn2218"
                ],
                "duration": "",
                "sessions": []
            }
        },
        {
            "id": "gr101",
            "key": null,
            "value": {
                "_id": "gr101",
                "_rev": "3-1e83bead2ea0f129f742654033e149bd",
                "type": "group",
                "title": "Gestures",
                "tags": [],
                "communities": [],
                "personas": [],
                "content": [
                    "pn289",
                    "pn293",
                    "pn540",
                    "pn1046",
                    "pn1271",
                    "pn1437",
                    "pn1545",
                    "pn1734",
                    "pn1770",
                    "pn2220",
                    "pn2321"
                ],
                "duration": "",
                "sessions": []
            }
        },
        {
            "id": "gr103",
            "key": null,
            "value": {
                "_id": "gr103",
                "_rev": "3-79bd37da16e9d6845c76d3b3db74c6f6",
                "type": "group",
                "title": "Text Entry Techniques and Technologies",
                "tags": [],
                "communities": [],
                "personas": [],
                "content": [
                    "pn197",
                    "pn492",
                    "pn650",
                    "pn988",
                    "pn1360",
                    "pn1376",
                    "pn1566",
                    "pn1813",
                    "pn1936",
                    "pn2191"
                ],
                "duration": "",
                "sessions": []
            }
        },
        {
            "id": "gr104",
            "key": null,
            "value": {
                "_id": "gr104",
                "_rev": "3-3317515ef20d267baa1656e064f67aba",
                "type": "group",
                "title": "Interaction Techniques for Large Displays",
                "tags": [],
                "communities": [],
                "personas": [],
                "content": [
                    "pn117",
                    "pn577",
                    "pn733",
                    "pn900",
                    "pn1187",
                    "pn1599"
                ],
                "duration": "",
                "sessions": []
            }
        },
        {
            "id": "gr105",
            "key": null,
            "value": {
                "_id": "gr105",
                "_rev": "3-190c5f77822be5b33d191a6fd6b155fe",
                "type": "group",
                "title": "2D and 3D Interaction ",
                "tags": [],
                "communities": [],
                "personas": [],
                "content": [
                    "pn250",
                    "pn671",
                    "pn1312",
                    "pn1728",
                    "pn2234"
                ],
                "duration": "",
                "sessions": []
            }
        },
        {
            "id": "gr106",
            "key": null,
            "value": {
                "_id": "gr106",
                "_rev": "3-8ca79e6c8a0643d487786d3c1eb3eb6b",
                "type": "group",
                "title": "(Screens in) cars",
                "tags": [],
                "communities": [],
                "personas": [],
                "content": [
                    "pn425",
                    "pn645"
                ],
                "duration": "",
                "sessions": []
            }
        },
        {
            "id": "gr108",
            "key": null,
            "value": {
                "_id": "gr108",
                "_rev": "3-a9f50825757ba0b4f9b035532ba56c9d",
                "type": "group",
                "title": "Games",
                "tags": [],
                "communities": [],
                "personas": [],
                "content": [
                    "pn160",
                    "pn224",
                    "pn930",
                    "pn1188",
                    "pn1318",
                    "pn1477",
                    "pn2045",
                    "pn2104",
                    "pn2161",
                    "pn2169",
                    "pn2178"
                ],
                "duration": "",
                "sessions": []
            }
        },
        {
            "id": "gr110",
            "key": null,
            "value": {
                "_id": "gr110",
                "_rev": "3-899feac3c2be706c535e5c7c5d99ff07",
                "type": "group",
                "title": "Transportation/Navigation",
                "tags": [],
                "communities": [],
                "personas": [],
                "content": [
                    "pn917",
                    "pn1085",
                    "pn1231"
                ],
                "duration": "",
                "sessions": []
            }
        },
        {
            "id": "gr111",
            "key": null,
            "value": {
                "_id": "gr111",
                "_rev": "3-b373dd235b3076c296749e61bdf898a1",
                "type": "group",
                "title": "Touch, Pressure, and Tabletops",
                "tags": [],
                "communities": [],
                "personas": [],
                "content": [
                    "pn1",
                    "pn6",
                    "pn153",
                    "pn179",
                    "pn434",
                    "pn687",
                    "pn1883"
                ],
                "duration": "",
                "sessions": []
            }
        },
        {
            "id": "gr114",
            "key": null,
            "value": {
                "_id": "gr114",
                "_rev": "3-8970c72f8a46a7bce2ba076b5d409bcf",
                "type": "group",
                "title": "Advertising/Persuasive & Engagement",
                "tags": [],
                "communities": [],
                "personas": [],
                "content": [
                    "pn529",
                    "pn927",
                    "pn1351",
                    "pn1352",
                    "pn1655"
                ],
                "duration": "",
                "sessions": []
            }
        },
        {
            "id": "gr115",
            "key": null,
            "value": {
                "_id": "gr115",
                "_rev": "3-fc57febea811def77c9c817381ec5e2b",
                "type": "group",
                "title": "####",
                "tags": [],
                "communities": [],
                "personas": [],
                "content": [
                    "pn154",
                    "pn813",
                    "pn1307",
                    "pn1374",
                    "pn1537"
                ],
                "duration": "",
                "sessions": []
            }
        },
        {
            "id": "gr116",
            "key": null,
            "value": {
                "_id": "gr116",
                "_rev": "3-64c00977910dbe4dc0ffa057fc599a6c",
                "type": "group",
                "title": "Personal Information Management",
                "tags": [],
                "communities": [],
                "personas": [],
                "content": [
                    "pn127",
                    "pn665"
                ],
                "duration": "",
                "sessions": []
            }
        },
        {
            "id": "gr118",
            "key": null,
            "value": {
                "_id": "gr118",
                "_rev": "3-f876b5c0a990e66a52af6957cc69a7d0",
                "type": "group",
                "title": "Fabrication",
                "tags": [],
                "communities": [],
                "personas": [],
                "content": [
                    "pn115",
                    "pn149",
                    "pn241",
                    "pn292",
                    "pn1843"
                ],
                "duration": "",
                "sessions": []
            }
        },
        {
            "id": "gr119",
            "key": null,
            "value": {
                "_id": "gr119",
                "_rev": "3-a0ad2687328a4bb66600e889cd73bb7c",
                "type": "group",
                "title": "Pointing",
                "tags": [],
                "communities": [],
                "personas": [],
                "content": [
                    "pn1465",
                    "pn1903",
                    "pn2353"
                ],
                "duration": "",
                "sessions": []
            }
        },
        {
            "id": "gr120",
            "key": null,
            "value": {
                "_id": "gr120",
                "_rev": "3-c8261f849918b960f3a15f1fccb2a808",
                "type": "group",
                "title": "Body Centered",
                "tags": [],
                "communities": [],
                "personas": [],
                "content": [
                    "pn384",
                    "pn813",
                    "pn1307"
                ],
                "duration": "",
                "sessions": []
            }
        },
        {
            "id": "gr122",
            "key": null,
            "value": {
                "_id": "gr122",
                "_rev": "3-102dc323f68feb7a90b2a8e49eda2d8c",
                "type": "group",
                "title": "Creativity Support Tools (in use)",
                "tags": [],
                "communities": [],
                "personas": [],
                "content": [
                    "pn300",
                    "pn940",
                    "pn983",
                    "pn1612",
                    "pn2153",
                    "pn2249"
                ],
                "duration": "",
                "sessions": []
            }
        },
        {
            "id": "gr124",
            "key": null,
            "value": {
                "_id": "gr124",
                "_rev": "3-9b28ec872576842b3533eb16a5dfaa0a",
                "type": "group",
                "title": "Crowdsourcing",
                "tags": [],
                "communities": [],
                "personas": [],
                "content": [
                    "pn459",
                    "pn1124",
                    "pn1460",
                    "pn1584",
                    "pn2140",
                    "pn2280"
                ],
                "duration": "",
                "sessions": []
            }
        },
        {
            "id": "gr126",
            "key": null,
            "value": {
                "_id": "gr126",
                "_rev": "3-ff08d468f2e54de49f1905fe271205b3",
                "type": "group",
                "title": "Visualizing (Time Series)",
                "tags": [],
                "communities": [],
                "personas": [],
                "content": [
                    "pn164",
                    "pn765"
                ],
                "duration": "",
                "sessions": []
            }
        },
        {
            "id": "gr127",
            "key": null,
            "value": {
                "_id": "gr127",
                "_rev": "3-48732bb56e08944adfca96bd13c0e307",
                "type": "group",
                "title": "Vizualizing (Textual Data)",
                "tags": [],
                "communities": [],
                "personas": [],
                "content": [
                    "pn104",
                    "pn476",
                    "pn1327",
                    "pn1594"
                ],
                "duration": "",
                "sessions": []
            }
        },
        {
            "id": "gr128",
            "key": null,
            "value": {
                "_id": "gr128",
                "_rev": "3-f32e9072fe6e9a7d3f7d28812a52c4d6",
                "type": "group",
                "title": "Co-Design",
                "tags": [],
                "communities": [],
                "personas": [],
                "content": [
                    "pn112",
                    "pn123",
                    "pn156",
                    "pn663",
                    "pn850",
                    "pn1420"
                ],
                "duration": "",
                "sessions": []
            }
        },
        {
            "id": "gr129",
            "key": null,
            "value": {
                "_id": "gr129",
                "_rev": "3-c6ef147b5d0fda277ecc9d7956131982",
                "type": "group",
                "title": "Gaze Eye-Tracking",
                "tags": [],
                "communities": [],
                "personas": [],
                "content": [
                    "pn117",
                    "pn463",
                    "pn782"
                ],
                "duration": "",
                "sessions": []
            }
        },
        {
            "id": "gr130",
            "key": null,
            "value": {
                "_id": "gr130",
                "_rev": "3-e9e03307ddb11e57aed3f519e15b61fb",
                "type": "group",
                "title": "Methods",
                "tags": [],
                "communities": [],
                "personas": [],
                "content": [
                    "pn704",
                    "pn1176",
                    "pn1678",
                    "pn1683",
                    "pn108",
                    "pn116",
                    "pn858",
                    "pn1160",
                    "pn1308",
                    "pn1431",
                    "pn1438",
                    "pn1644",
                    "pn1742",
                    "pn2089",
                    "pn2253",
                    "pn2346"
                ],
                "duration": "",
                "sessions": []
            }
        },
        {
            "id": "gr131",
            "key": null,
            "value": {
                "_id": "gr131",
                "_rev": "3-107747ac6bea0c0153f9f8e5cbb4c030",
                "type": "group",
                "title": "Search",
                "tags": [],
                "communities": [],
                "personas": [],
                "content": [
                    "pn769",
                    "pn1094",
                    "pn1168",
                    "pn1170",
                    "pn1846",
                    "pn2305"
                ],
                "duration": "",
                "sessions": []
            }
        },
        {
            "id": "gr133",
            "key": null,
            "value": {
                "_id": "gr133",
                "_rev": "3-93dae94b88fe5abb3fc1b7467946d196",
                "type": "group",
                "title": "Mobile Experiences (Human Mobility)",
                "tags": [],
                "communities": [],
                "personas": [],
                "content": [
                    "pn584",
                    "pn1557",
                    "pn2208"
                ],
                "duration": "",
                "sessions": []
            }
        },
        {
            "id": "gr134",
            "key": null,
            "value": {
                "_id": "gr134",
                "_rev": "3-0a91d5313fb417d6e6908c054d9e6821",
                "type": "group",
                "title": "Language",
                "tags": [],
                "communities": [],
                "personas": [],
                "content": [
                    "pn359",
                    "pn1183",
                    "pn1221",
                    "pn2166"
                ],
                "duration": "",
                "sessions": []
            }
        },
        {
            "id": "gr135",
            "key": null,
            "value": {
                "_id": "gr135",
                "_rev": "3-a0591544439d4d289a235b414346b1aa",
                "type": "group",
                "title": "Programming",
                "tags": [],
                "communities": [],
                "personas": [],
                "content": [
                    "pn215",
                    "pn466",
                    "pn491",
                    "pn941",
                    "pn951",
                    "pn1090",
                    "pn1254",
                    "pn2207"
                ],
                "duration": "",
                "sessions": []
            }
        },
        {
            "id": "gr137",
            "key": null,
            "value": {
                "_id": "gr137",
                "_rev": "3-bc67fc7f3e1da1548e74976ce5523988",
                "type": "group",
                "title": "Engagement",
                "tags": [],
                "communities": [],
                "personas": [],
                "content": [
                    "pn"
                ],
                "duration": "",
                "sessions": []
            }
        },
        {
            "id": "gr138",
            "key": null,
            "value": {
                "_id": "gr138",
                "_rev": "3-8fb0753daeaa87e6e2c310d9ecf9c7b4",
                "type": "group",
                "title": "HCI Beyond (Ecology/Biology)",
                "tags": [],
                "communities": [],
                "personas": [],
                "content": [
                    "pn478",
                    "pn2339"
                ],
                "duration": "",
                "sessions": []
            }
        },
        {
            "id": "gr139",
            "key": null,
            "value": {
                "_id": "gr139",
                "_rev": "3-89b51d6a5825c71f5a33f12278667b52",
                "type": "group",
                "title": "Interaction Design for Well Being",
                "tags": [],
                "communities": [],
                "personas": [],
                "content": [
                    "pn195",
                    "pn464",
                    "pn642",
                    "pn857",
                    "pn1247"
                ],
                "duration": "",
                "sessions": []
            }
        },
        {
            "id": "gr142",
            "key": null,
            "value": {
                "_id": "gr142",
                "_rev": "3-24c09ee642180699d9b581ddf68c9689",
                "type": "group",
                "title": "Ideation",
                "tags": [],
                "communities": [],
                "personas": [],
                "content": [
                    "pn173",
                    "pn684",
                    "pn2105"
                ],
                "duration": "",
                "sessions": []
            }
        },
        {
            "id": "gr144",
            "key": null,
            "value": {
                "_id": "gr144",
                "_rev": "3-04938e0e77370b7a1166d18f140b2ec1",
                "type": "group",
                "title": "Materiality",
                "tags": [],
                "communities": [],
                "personas": [],
                "content": [
                    "pn226",
                    "pn630",
                    "pn805",
                    "pn895",
                    "pn1025",
                    "pn2290"
                ],
                "duration": "",
                "sessions": []
            }
        },
        {
            "id": "gr146",
            "key": null,
            "value": {
                "_id": "gr146",
                "_rev": "3-51b209902329aeb99d6ad6b758a99975",
                "type": "group",
                "title": "Social Activism",
                "tags": [],
                "communities": [],
                "personas": [],
                "content": [
                    "pn635",
                    "pn1911",
                    "pn1982"
                ],
                "duration": "",
                "sessions": []
            }
        },
        {
            "id": "gr147",
            "key": null,
            "value": {
                "_id": "gr147",
                "_rev": "3-80fb37d913353636814d2b65bafde6ee",
                "type": "group",
                "title": "Criticality",
                "tags": [],
                "communities": [],
                "personas": [],
                "content": [
                    "pn546",
                    "pn718",
                    "pn1492",
                    "pn1765"
                ],
                "duration": "",
                "sessions": []
            }
        },
        {
            "id": "gr148",
            "key": null,
            "value": {
                "_id": "gr148",
                "_rev": "3-ffe1adcb1832a3f87bd1e5f75bbd6ed2",
                "type": "group",
                "title": "Tactile Graphics and Experiences",
                "tags": [],
                "communities": [],
                "personas": [],
                "content": [
                    "pn912",
                    "pn1330",
                    "pn2344"
                ],
                "duration": "",
                "sessions": []
            }
        },
        {
            "id": "gr150",
            "key": null,
            "value": {
                "_id": "gr150",
                "_rev": "3-8aa79ee9a0f93a0d0b3d6990f4365635",
                "type": "group",
                "title": "Crowd Participation",
                "tags": [],
                "communities": [],
                "personas": [],
                "content": [
                    "pn662",
                    "pn966",
                    "pn1454",
                    "pn1901",
                    "pn1940",
                    "pn2044",
                    "pn2153",
                    "pn2248"
                ],
                "duration": "",
                "sessions": []
            }
        },
        {
            "id": "gr152",
            "key": null,
            "value": {
                "_id": "gr152",
                "_rev": "3-35585a5b096a9c251e94162f3967f53e",
                "type": "group",
                "title": "Designing (co-design) Together for Values",
                "tags": [],
                "communities": [],
                "personas": [],
                "content": [
                    "pn312",
                    "pn673",
                    "pn847"
                ],
                "duration": "",
                "sessions": []
            }
        },
        {
            "id": "gr153",
            "key": null,
            "value": {
                "_id": "gr153",
                "_rev": "3-42d2cfbba607f5a16b68ca0c63a6fd23",
                "type": "group",
                "title": "Social Media",
                "tags": [],
                "communities": [],
                "personas": [],
                "content": [
                    "pn239",
                    "pn883",
                    "pn1166",
                    "pn1281",
                    "pn1301",
                    "pn1380",
                    "pn1404",
                    "pn1498",
                    "pn1701",
                    "pn1750",
                    "pn1876",
                    "pn1907"
                ],
                "duration": "",
                "sessions": []
            }
        },
        {
            "id": "gr155",
            "key": null,
            "value": {
                "_id": "gr155",
                "_rev": "3-c626617e0b62fee67bebeea5e3ec35d7",
                "type": "group",
                "title": "Body Movements",
                "tags": [],
                "communities": [],
                "personas": [],
                "content": [
                    "pn"
                ],
                "duration": "",
                "sessions": []
            }
        },
        {
            "id": "gr156",
            "key": null,
            "value": {
                "_id": "gr156",
                "_rev": "3-469cffb77c6540e691efa9aba933b108",
                "type": "group",
                "title": "Designing for the Home",
                "tags": [],
                "communities": [],
                "personas": [],
                "content": [
                    "pn148",
                    "pn720",
                    "pn1131",
                    "pn1214",
                    "pn1435",
                    "pn1965"
                ],
                "duration": "",
                "sessions": []
            }
        },
        {
            "id": "gr157",
            "key": null,
            "value": {
                "_id": "gr157",
                "_rev": "3-d8ebd22bc9ffca00c10bf15af5f96a5f",
                "type": "group",
                "title": "Online Community and Leadership",
                "tags": [],
                "communities": [],
                "personas": [],
                "content": [
                    "pn2208",
                    "pn2277",
                    "pn2355"
                ],
                "duration": "",
                "sessions": []
            }
        },
        {
            "id": "gr158",
            "key": null,
            "value": {
                "_id": "gr158",
                "_rev": "3-45cc7b04d69a5d06435371eaff021241",
                "type": "group",
                "title": "Shopping/Reading/Printing",
                "tags": [],
                "communities": [],
                "personas": [],
                "content": [
                    "pn229",
                    "pn1302",
                    "pn1408",
                    "pnT115"
                ],
                "duration": "",
                "sessions": []
            }
        },
        {
            "id": "gr159",
            "key": null,
            "value": {
                "_id": "gr159",
                "_rev": "3-188e8c01ac1c9a2fdb92d26cec4d0439",
                "type": "group",
                "title": "Co-Presence",
                "tags": [],
                "communities": [],
                "personas": [],
                "content": [
                    "pn371",
                    "pn568",
                    "pn1532"
                ],
                "duration": "",
                "sessions": []
            }
        },
        {
            "id": "gr160",
            "key": null,
            "value": {
                "_id": "gr160",
                "_rev": "3-e761ec49bb90dcbe1a5d69454a919bd6",
                "type": "group",
                "title": "Sustainability",
                "tags": [],
                "communities": [],
                "personas": [],
                "content": [
                    "pn273",
                    "pn446",
                    "pn585",
                    "pn1063",
                    "pn1091",
                    "pn1121",
                    "pn1685",
                    "pn1817",
                    "pn1972",
                    "pn2312"
                ],
                "duration": "",
                "sessions": []
            }
        },
        {
            "id": "gr162",
            "key": null,
            "value": {
                "_id": "gr162",
                "_rev": "3-bcd3f76eba13c53506ae5c143eb57905",
                "type": "group",
                "title": "Haptics/ Force",
                "tags": [],
                "communities": [],
                "personas": [],
                "content": [
                    "pn103",
                    "pn158",
                    "pn806",
                    "pn1626",
                    "pn1745"
                ],
                "duration": "",
                "sessions": []
            }
        },
        {
            "id": "gr163",
            "key": null,
            "value": {
                "_id": "gr163",
                "_rev": "3-be7f1a0e6805836e18bcf5a037dbb6a9",
                "type": "group",
                "title": "Telecommunication",
                "tags": [],
                "communities": [],
                "personas": [],
                "content": [
                    "pn130",
                    "pn2051"
                ],
                "duration": "",
                "sessions": []
            }
        },
        {
            "id": "gr167",
            "key": null,
            "value": {
                "_id": "gr167",
                "_rev": "3-d72e614062eb9b6cacd532e4d5cb00ff",
                "type": "group",
                "title": "HCI Research Practice",
                "tags": [],
                "communities": [],
                "personas": [],
                "content": [
                    "pn704",
                    "pn1176",
                    "pn1678",
                    "pn1683"
                ],
                "duration": "",
                "sessions": []
            }
        },
        {
            "id": "gr168",
            "key": null,
            "value": {
                "_id": "gr168",
                "_rev": "3-f945279f1865f067b9abca7567a22ad2",
                "type": "group",
                "title": "Interactive Arts",
                "tags": [],
                "communities": [],
                "personas": [],
                "content": [
                    "pn1169",
                    "pn1699",
                    "pn1818"
                ],
                "duration": "",
                "sessions": []
            }
        },
        {
            "id": "gr169",
            "key": null,
            "value": {
                "_id": "gr169",
                "_rev": "3-2f3f2a54d41161ebd6461728457d9212",
                "type": "group",
                "title": "Physicality",
                "tags": [],
                "communities": [],
                "personas": [],
                "content": [
                    "pn102",
                    "pn120",
                    "pn147",
                    "pn434"
                ],
                "duration": "",
                "sessions": []
            }
        },
        {
            "id": "gr171",
            "key": null,
            "value": {
                "_id": "gr171",
                "_rev": "3-3540eed3c8e7c7e8d1cbffb0c42971ee",
                "type": "group",
                "title": "Information seeking, bookmarking, sorting tools",
                "tags": [],
                "communities": [],
                "personas": [],
                "content": [
                    "pn1339",
                    "pn1340",
                    "pn2303"
                ],
                "duration": "",
                "sessions": []
            }
        },
        {
            "id": "gr173",
            "key": null,
            "value": {
                "_id": "gr173",
                "_rev": "3-1b2637e331b11c9b9379548588dc8d91",
                "type": "group",
                "title": "Children & Learning",
                "tags": [],
                "communities": [],
                "personas": [],
                "content": [
                    "pn339",
                    "pn494",
                    "pn1154",
                    "pn1337",
                    "pn2060",
                    "pn2198"
                ],
                "duration": "",
                "sessions": []
            }
        },
        {
            "id": "gr174",
            "key": null,
            "value": {
                "_id": "gr174",
                "_rev": "3-6f9aef0280be15f459f51c6a32e4894a",
                "type": "group",
                "title": "Social Justice/Critical Conflict",
                "tags": [],
                "communities": [],
                "personas": [],
                "content": [
                    "pn122",
                    "pn1138",
                    "pn2222"
                ],
                "duration": "",
                "sessions": []
            }
        },
        {
            "id": "gr175",
            "key": null,
            "value": {
                "_id": "gr175",
                "_rev": "3-01ff61a060de8c486bea3aa69c142198",
                "type": "group",
                "title": "Learning",
                "tags": [],
                "communities": [],
                "personas": [],
                "content": [
                    "pn538",
                    "pn815",
                    "pn1141",
                    "pn1297",
                    "pn1483",
                    "pn1499",
                    "pn1913"
                ],
                "duration": "",
                "sessions": []
            }
        },
        {
            "id": "gr176",
            "key": null,
            "value": {
                "_id": "gr176",
                "_rev": "3-a05e1b463920414b394b31facef71d99",
                "type": "group",
                "title": "Crime Studies-Criminal Perspective",
                "tags": [],
                "communities": [],
                "personas": [],
                "content": [
                    "pn1180",
                    "pn1363",
                    "pn2020"
                ],
                "duration": "",
                "sessions": []
            }
        },
        {
            "id": "gr177",
            "key": null,
            "value": {
                "_id": "gr177",
                "_rev": "3-c89d156c3cba5bea5697479ae4f6bd8b",
                "type": "group",
                "title": "Autism",
                "tags": [],
                "communities": [],
                "personas": [],
                "content": [
                    "pn790",
                    "pn888",
                    "pn1606",
                    "pn2119"
                ],
                "duration": "",
                "sessions": []
            }
        },
        {
            "id": "gr178",
            "key": null,
            "value": {
                "_id": "gr178",
                "_rev": "3-361a7008213b95f1e56f0b13dfb11e2a",
                "type": "group",
                "title": "Health Clinical",
                "tags": [],
                "communities": [],
                "personas": [],
                "content": [
                    "pn981",
                    "pn1057",
                    "pn1104",
                    "pn1624"
                ],
                "duration": "",
                "sessions": []
            }
        },
        {
            "id": "gr179",
            "key": null,
            "value": {
                "_id": "gr179",
                "_rev": "3-6de7c58a8bb41671000dcf6f07f3c949",
                "type": "group",
                "title": "Health/Wellness/Everyday",
                "tags": [],
                "communities": [],
                "personas": [],
                "content": [
                    "pn108",
                    "pn195",
                    "pn818",
                    "pn857",
                    "pn1768",
                    "pn1927",
                    "pn2137",
                    "pn2154",
                    "pn2216"
                ],
                "duration": "",
                "sessions": []
            }
        },
        {
            "id": "gr180",
            "key": null,
            "value": {
                "_id": "gr180",
                "_rev": "3-63e6ede733408373af9d5abe0c5607e8",
                "type": "group",
                "title": "ICT4D",
                "tags": [],
                "communities": [],
                "personas": [],
                "content": [
                    "pn480",
                    "pn913",
                    "pn1174",
                    "pn1346"
                ],
                "duration": "",
                "sessions": []
            }
        },
        {
            "id": "gr184",
            "key": null,
            "value": {
                "_id": "gr184",
                "_rev": "3-b984c9386747d23637f0f9acf1038b68",
                "type": "group",
                "title": "Public Displays",
                "tags": [],
                "communities": [],
                "personas": [],
                "content": [
                    "pn910",
                    "pn985",
                    "pn1440",
                    "pn1585",
                    "pn1977",
                    "pnT125"
                ],
                "duration": "",
                "sessions": []
            }
        },
        {
            "id": "gr185",
            "key": null,
            "value": {
                "_id": "gr185",
                "_rev": "3-8ddd2c869219cce8c3ec3764803c3e52",
                "type": "group",
                "title": "Social/Professional Issues",
                "tags": [],
                "communities": [],
                "personas": [],
                "content": [
                    "pn114",
                    "pn1894"
                ],
                "duration": "",
                "sessions": []
            }
        },
        {
            "id": "gr186",
            "key": null,
            "value": {
                "_id": "gr186",
                "_rev": "3-604810b0ef02c903d63aa60eb61a921a",
                "type": "group",
                "title": "Design Research and Practice and Theory",
                "tags": [],
                "communities": [],
                "personas": [],
                "content": [
                    "pn104",
                    "pn213",
                    "pn317",
                    "pn1012",
                    "pn1637",
                    "pn2163",
                    "pn2240"
                ],
                "duration": "",
                "sessions": []
            }
        },
        {
            "id": "gr189",
            "key": null,
            "value": {
                "_id": "gr189",
                "_rev": "3-bb88648aceadd0a6ebd417e91310adaf",
                "type": "group",
                "title": "Presentation Tools",
                "tags": [],
                "communities": [],
                "personas": [],
                "content": [
                    "pn688",
                    "pn990"
                ],
                "duration": "",
                "sessions": []
            }
        },
        {
            "id": "gr200",
            "key": null,
            "value": {
                "_id": "gr200",
                "_rev": "3-6485e833c3507ad929115be916f4ba64",
                "type": "group",
                "title": "Groups-Activities-Tools",
                "tags": [],
                "communities": [],
                "personas": [],
                "content": [
                    "pn386",
                    "pn536",
                    "pn548",
                    "pn1111"
                ],
                "duration": "",
                "sessions": []
            }
        },
        {
            "id": "gr201",
            "key": null,
            "value": {
                "_id": "gr201",
                "_rev": "3-547280e0acbdc3649fbe5a7ec36641e7",
                "type": "group",
                "title": "Brain",
                "tags": [],
                "communities": [],
                "personas": [],
                "content": [
                    "pn107",
                    "pn120",
                    "pn404",
                    "pn1228"
                ],
                "duration": "",
                "sessions": []
            }
        },
        {
            "id": "gr203",
            "key": null,
            "value": {
                "_id": "gr203",
                "_rev": "3-3a41b128dab4749d630c5906349e4edd",
                "type": "group",
                "title": "Groups in Enterprises",
                "tags": [],
                "communities": [],
                "personas": [],
                "content": [
                    "pn202",
                    "pn651",
                    "pn1800"
                ],
                "duration": "",
                "sessions": []
            }
        },
        {
            "id": "gr205",
            "key": null,
            "value": {
                "_id": "gr205",
                "_rev": "3-cd5a405a972c47d7285c522440cb7ea6",
                "type": "group",
                "title": "Health Games",
                "tags": [],
                "communities": [],
                "personas": [],
                "content": [
                    "pn118",
                    "pn170",
                    "pn438",
                    "pn581",
                    "pn2247"
                ],
                "duration": "",
                "sessions": []
            }
        },
        {
            "id": "gr214",
            "key": null,
            "value": {
                "_id": "gr214",
                "_rev": "3-fb5e9c2bce129a3233dad039f3469d7d",
                "type": "group",
                "title": "Usability & Text",
                "tags": [],
                "communities": [],
                "personas": [],
                "content": [
                    "pn686",
                    "pn1031",
                    "pn1676",
                    "pnT115"
                ],
                "duration": "",
                "sessions": []
            }
        },
        {
            "id": "gr215",
            "key": null,
            "value": {
                "_id": "gr215",
                "_rev": "3-7c4f3eea04f1968b4c17100cba67a1f9",
                "type": "group",
                "title": "Privacy and Authentication",
                "tags": [],
                "communities": [],
                "personas": [],
                "content": [
                    "pn1845",
                    "pn128",
                    "pn144",
                    "pn380",
                    "pn708",
                    "pn867",
                    "pn948",
                    "pn1172",
                    "pn1325",
                    "pn1563",
                    "pn1751",
                    "pn2012",
                    "pn2278",
                    "pn2330"
                ],
                "duration": "",
                "sessions": []
            }
        },
        {
            "id": "gr223",
            "key": null,
            "value": {
                "_id": "gr223",
                "_rev": "3-8df4b9dcd6aca60d25bccd8cb2f8ba0e",
                "type": "group",
                "title": "Visualization",
                "tags": [],
                "communities": [],
                "personas": [],
                "content": [
                    "pn627",
                    "pn639",
                    "pn1264",
                    "pn1264",
                    "pn2358"
                ],
                "duration": "",
                "sessions": []
            }
        },
        {
            "id": "gr229",
            "key": null,
            "value": {
                "_id": "gr229",
                "_rev": "3-a08f413aaa86dfc2b6f34b03b32435a2",
                "type": "group",
                "title": "Aesthetic Assessment and Applications",
                "tags": [],
                "communities": [],
                "personas": [],
                "content": [
                    "pn586",
                    "pn1554",
                    "pnT119"
                ],
                "duration": "",
                "sessions": []
            }
        },
        {
            "id": "gr230",
            "key": null,
            "value": {
                "_id": "gr230",
                "_rev": "3-2cf1e7d890b9defc5f7fa54962ae81db",
                "type": "group",
                "title": "Mobile Phones/Smartphones",
                "tags": [],
                "communities": [],
                "personas": [],
                "content": [
                    "pn739",
                    "pn803",
                    "pn1134",
                    "pn1506",
                    "pn1952",
                    "pn2015"
                ],
                "duration": "",
                "sessions": []
            }
        },
        {
            "id": "gr238",
            "key": null,
            "value": {
                "_id": "gr238",
                "_rev": "3-b3dccf257b23fd5e3e87547c6b9cb574",
                "type": "group",
                "title": "Body Stuff",
                "tags": [],
                "communities": [],
                "personas": [],
                "content": [
                    "pn116",
                    "pn384",
                    "pn385",
                    "pn426",
                    "pn517",
                    "pn528",
                    "pn573",
                    "pn623",
                    "pn702",
                    "pn830",
                    "pn982",
                    "pn1017",
                    "pn1874",
                    "pn2338"
                ],
                "duration": "",
                "sessions": []
            }
        },
        {
            "id": "gr239",
            "key": null,
            "value": {
                "_id": "gr239",
                "_rev": "3-69560a17626c93738654ad4375e0df18",
                "type": "group",
                "title": "Designing for the Other_Sick, Old, or Disabled",
                "tags": [],
                "communities": [],
                "personas": [],
                "content": [
                    "pn181",
                    "pn401",
                    "pn595",
                    "pn646",
                    "pn923",
                    "pn1067",
                    "pn1122",
                    "pn1274",
                    "pn1317",
                    "pn1541",
                    "pn1713",
                    "pn1831",
                    "pn2165",
                    "pn2210",
                    "pn2340"
                ],
                "duration": "",
                "sessions": []
            }
        },
        {
            "id": "gr240",
            "key": null,
            "value": {
                "_id": "gr240",
                "_rev": "3-0c23efe789bb907630b13c760caa0314",
                "type": "group",
                "title": "Gestures",
                "tags": [],
                "communities": [],
                "personas": [],
                "content": [
                    "pn540",
                    "pn1046",
                    "pn1734",
                    "pn1770"
                ],
                "duration": "",
                "sessions": []
            }
        },
        {
            "id": "gr241",
            "key": null,
            "value": {
                "_id": "gr241",
                "_rev": "3-5a065666d6d811b565dbbceaf188b7ab",
                "type": "group",
                "title": "Touch",
                "tags": [],
                "communities": [],
                "personas": [],
                "content": [
                    "pn129",
                    "pn190",
                    "pn1229",
                    "pn1961"
                ],
                "duration": "",
                "sessions": []
            }
        },
        {
            "id": "gr242",
            "key": null,
            "value": {
                "_id": "gr242",
                "_rev": "3-e9f9230f93a74a2370b3cb27000c7475",
                "type": "group",
                "title": "Touch",
                "tags": [],
                "communities": [],
                "personas": [],
                "content": [
                    "pn222",
                    "pn520",
                    "pn679",
                    "pn1241"
                ],
                "duration": "",
                "sessions": []
            }
        },
        {
            "id": "gr243",
            "key": null,
            "value": {
                "_id": "gr243",
                "_rev": "3-3ab25d7ecd375df7a28e33cb1e077448",
                "type": "group",
                "title": "Bendable Flexible",
                "tags": [],
                "communities": [],
                "personas": [],
                "content": [
                    "pn106",
                    "pn722",
                    "pn1153",
                    "pn1234"
                ],
                "duration": "",
                "sessions": []
            }
        },
        {
            "id": "gr244",
            "key": null,
            "value": {
                "_id": "gr244",
                "_rev": "3-2f9f0370859625a21588ea642f1f9d70",
                "type": "group",
                "title": "Surfaces",
                "tags": [],
                "communities": [],
                "personas": [],
                "content": [
                    "pn111",
                    "pn417",
                    "pn758",
                    "pn1062"
                ],
                "duration": "",
                "sessions": []
            }
        },
        {
            "id": "gr245",
            "key": null,
            "value": {
                "_id": "gr245",
                "_rev": "3-3902f8696770e758a8bd31f09e09a328",
                "type": "group",
                "title": "Novel Output Devices",
                "tags": [],
                "communities": [],
                "personas": [],
                "content": [
                    "pn220",
                    "pn1424",
                    "pn2065"
                ],
                "duration": "",
                "sessions": []
            }
        },
        {
            "id": "gr246",
            "key": null,
            "value": {
                "_id": "gr246",
                "_rev": "3-255cff0eb299c9330ec9350218d5f9bb",
                "type": "group",
                "title": "Wearable",
                "tags": [],
                "communities": [],
                "personas": [],
                "content": [
                    "pn267",
                    "pn1451",
                    "pn2085"
                ],
                "duration": "",
                "sessions": []
            }
        },
        {
            "id": "gr247",
            "key": null,
            "value": {
                "_id": "gr247",
                "_rev": "3-eb9d9f5adf64cc65bf6edcacd085a031",
                "type": "group",
                "title": "Novel Input",
                "tags": [],
                "communities": [],
                "personas": [],
                "content": [
                    "pn113",
                    "pn1873",
                    "pn2179"
                ],
                "duration": "",
                "sessions": []
            }
        },
        {
            "id": "gr248",
            "key": null,
            "value": {
                "_id": "gr248",
                "_rev": "8-c44eefe9e589cbe5684853811deb4e15",
                "type": "group",
                "title": "Input Sensing",
                "tags": [],
                "communities": [],
                "personas": [],
                "content": [
                    "pn416",
                    "pn701",
                    "pn886",
                    "pn1328",
                    "pn1679"
                ],
                "duration": "",
                "sessions": []
            }
        }
    ]
}